label_name,bbox_x,bbox_y,bbox_width,bbox_height,image_name,image_width,image_height,huePlantMean,satPlantMean,valPlantMean,huePlantStd,satPlantStd,valPlantStd,huePlantMedian,satPlantMedian,valPlantMedian,category,Lettuce color,Leaf sample weight (mg),Sample disc weight (g),Anthocyanins OD-530 nm,Chlorophyll OD-657 nm,Chlorophyll interference,Anthocyanin,DATE,Illumination
G3,429,1167,982,947,20251203_124642.jpg,1800,4000,0.255632582,0.456370106,0.449286023,0.02737978,0.086533991,0.090022985,0.257309942,0.453125,0.454901961,GREEN_white_blue_led_ids,GREEN,0.31,0.03,0.147,0.0809,0.02,0.127,05/12/2025,White+Blue LED
R1,254,1360,947,930,20251203_122043.jpg,1800,4000,0.177196615,0.150451917,0.22364249,0.100348307,0.10425353,0.080434807,0.1875,0.134615385,0.219607843,RED_white_blue_led_ids,RED,0.22,0.03,0.7162,0.107,0.027,0.689,05/12/2025,White+Blue LED
R2,412,1509,895,746,20251203_122216.jpg,1800,4000,0.162255322,0.135927043,0.244470044,0.075831411,0.076026684,0.078611775,0.166666667,0.125,0.239215686,RED_white_blue_led_ids,RED,0.17,0.03,0.9472,0.1053,0.026,0.921,05/12/2025,White+Blue LED
R3,306,1158,1044,904,20251203_122258.jpg,1800,4000,0.196137933,0.137064454,0.218003649,0.108111351,0.100125991,0.072636523,0.194444444,0.119402985,0.215686275,RED_white_blue_led_ids,RED,0.28,0.03,0.5231,0.1204,0.03,0.493,05/12/2025,White+Blue LED
R5,447,1228,1158,1281,20251203_122737.jpg,1800,4000,0.208019655,0.234954205,0.254491511,0.157512495,0.139125453,0.053331731,0.19047619,0.231884058,0.247058824,RED_white_blue_led_ids,RED,0.22,0.03,0.8803,0.1148,0.029,0.852,05/12/2025,White+Blue LED
R7,359,1140,965,1009,20251203_123057.jpg,1800,4000,0.172622101,0.217204439,0.249418123,0.089375123,0.115415754,0.056945004,0.185185185,0.202702703,0.243137255,RED_white_led_ids,RED,0.17,0.03,0.4376,0.1128,0.028,0.409,05/12/2025,White LED
R8,78,675,1570,1193,20251203_123121.jpg,1800,4000,0.170789447,0.204187993,0.282576908,0.102002262,0.107282442,0.069172101,0.166666667,0.19047619,0.282352941,RED_white_led_ids,RED,0.19,0.03,1.021,0.0999,0.025,0.996,05/12/2025,White LED
R9,219,1474,1123,1061,20251203_123150.jpg,1800,4000,0.141721257,0.12486228,0.279857685,0.222548093,0.054857117,0.069005767,0.083333333,0.117647059,0.282352941,RED_white_led_ids,RED,0.22,0.03,0.8077,0.0893,0.022,0.785,05/12/2025,White LED
R10,1798,370,1316,1163,20251203_123214.jpg,4000,1800,0.142531744,0.190747908,0.260779371,0.142412031,0.082587486,0.078054822,0.125,0.185185185,0.250980392,RED_white_led_ids,RED,0.15,0.03,0.8298,0.0927,0.023,0.807,05/12/2025,White LED
R11,324,1000,1149,1061,20251203_123519.jpg,1800,4000,0.186113194,0.423599284,0.334026598,0.030223174,0.142450661,0.056283178,0.1875,0.436781609,0.333333333,RED_Shade_ids,RED,0.18,0.03,0.5975,0.0988,0.025,0.573,05/12/2025,Shade
R12,412,1079,1289,1132,20251203_123540.jpg,1800,4000,0.172189481,0.317966366,0.319284602,0.058390584,0.134502673,0.058929273,0.182539683,0.298076923,0.317647059,RED_Shade_ids,RED,0.23,0.03,0.3081,0.0959,0.024,0.284,05/12/2025,Shade
R13,210,1009,1053,1061,20251203_123604.jpg,1800,4000,0.19385995,0.386354887,0.306542548,0.047904665,0.130297324,0.053781049,0.19858156,0.378787879,0.301960784,RED_Shade_ids,RED,0.19,0.03,0.3898,0.0959,0.024,0.366,05/12/2025,Shade
R14,517,1211,965,965,20251203_123625.jpg,1800,4000,0.207567879,0.208392856,0.443592081,0.191642528,0.102755617,0.07856815,0.186868687,0.198630137,0.42745098,RED_Shade_ids,RED,0.25,0.03,0.3802,0.1018,0.025,0.355,05/12/2025,Shade
R15,403,1053,1228,1333,20251203_123652.jpg,1800,4000,0.153556887,0.40752527,0.298943803,0.047408263,0.186893415,0.052359302,0.161458333,0.377777778,0.290196078,RED_Shade_ids,RED,0.18,0.03,0.3379,0.0978,0.024,0.313,05/12/2025,Shade
G1,1600,421,1093,1003,20251203_124511.jpg,4000,1800,0.246768561,0.508613531,0.463598129,0.016243754,0.087517301,0.068336841,0.248717949,0.5,0.466666667,GREEN_white_blue_led_ids,GREEN,0.3,0.03,0.1833,0.0969,0.024,0.159,05/12/2025,White+Blue LED
G2,306,1526,1026,912,20251203_124620.jpg,1800,4000,0.24505389,0.471271914,0.490727489,0.018768793,0.089384279,0.075282172,0.246666667,0.4609375,0.48627451,GREEN_white_blue_led_ids,GREEN,0.12,0.03,0.1172,0.0677,0.017,0.1,05/12/2025,White+Blue LED
C6,227,1395,1526,1421,20251203_130719.jpg,1800,4000,0.220099925,0.714592522,0.532000028,0.017469233,0.101033131,0.07422015,0.21875,0.72,0.541176471,GREEN_Control_ids,GREEN,0.55,0.03,0.1359,0.0744,0.019,0.117,05/12/2025,Control-Sun
C4,1932,440,843,824,20251203_130434.jpg,4000,1800,0.09099226,0.221665924,0.281177479,0.099973371,0.073858118,0.081710696,0.078947368,0.214285714,0.266666667,RED_Control_ids,RED,0.2,0.03,1.0048,0.1252,0.031,0.974,05/12/2025,Control-Sun
C3,2085,504,927,895,20251203_130415.jpg,4000,1800,0.121233223,0.253698286,0.289708656,0.066505515,0.093753308,0.077194555,0.125,0.242424242,0.274509804,RED_Control_ids,RED,0.24,0.03,0.8348,0.1194,0.03,0.805,05/12/2025,Control-Sun
C2,482,1544,1026,1044,20251203_130355.jpg,1800,4000,0.118880839,0.20996622,0.291770048,0.178414043,0.077032054,0.079541953,0.083333333,0.204819277,0.290196078,RED_Control_ids,RED,0.22,0.03,0.683,0.0735,0.018,0.665,05/12/2025,Control-Sun
C1,657,1702,719,728,20251203_130324.jpg,1800,4000,0.095778019,0.220772507,0.303674644,0.059625273,0.069998903,0.077573918,0.090909091,0.211764706,0.298039216,RED_Control_ids,RED,0.23,0.03,0.6346,0.0947,0.024,0.611,05/12/2025,Control-Sun
C10,43,1044,1430,1263,20251203_130843.jpg,1800,4000,0.228417116,0.625229756,0.530984552,0.017596906,0.094694943,0.07755796,0.227083333,0.614379085,0.549019608,GREEN_Control_ids,GREEN,0.33,0.03,0.2007,0.1075,0.027,0.174,05/12/2025,Control-Sun
G15,1727,267,1118,1150,20251203_130124.jpg,4000,1800,0.228879269,0.665625468,0.536736719,0.017213619,0.114600944,0.066214924,0.230902778,0.657657658,0.545098039,GREEN_Shade_ids,GREEN,0.2,0.03,0.1185,0.0635,0.016,0.103,05/12/2025,Shade
G13,1798,261,1118,1316,20251203_130048.jpg,4000,1800,0.218694641,0.718556678,0.530332694,0.019499945,0.121848572,0.062339582,0.222222222,0.72972973,0.533333333,GREEN_Shade_ids,GREEN,0.17,0.03,0.1169,0.0625,0.016,0.101,05/12/2025,Shade
G12,78,1316,1368,1386,20251203_130023.jpg,1800,4000,0.221304558,0.778572266,0.496243645,0.015581588,0.101652065,0.081637201,0.222713864,0.798319328,0.494117647,GREEN_Shade_ids,GREEN,0.37,0.03,0.138,0.0803,0.02,0.118,05/12/2025,Shade
G11,201,1132,1599,1439,20251203_130004.jpg,1800,4000,0.233567142,0.6980125,0.514845509,0.01925618,0.10596176,0.080746899,0.233333333,0.698630137,0.525490196,GREEN_Shade_ids,GREEN,0.26,0.03,0.129,0.0726,0.018,0.111,05/12/2025,Shade
G5,1651,261,1061,1150,20251203_124731.jpg,4000,1800,0.242552928,0.469640034,0.465100425,0.022770747,0.098251615,0.082417624,0.245762712,0.455445545,0.462745098,GREEN_white_blue_led_ids,GREEN,0.38,0.03,0.1606,0.0944,0.024,0.137,05/12/2025,White+Blue LED
G4,298,1254,1079,1044,20251203_124702.jpg,1800,4000,0.255929329,0.470830933,0.507089,0.021482257,0.0940517,0.076879733,0.258706468,0.450704225,0.51372549,GREEN_white_blue_led_ids,GREEN,0.32,0.03,0.1635,0.0888,0.022,0.141,05/12/2025,White+Blue LED
C9,52,982,1640,1439,20251203_130828.jpg,1800,4000,0.227648587,0.684686623,0.525167991,0.017922469,0.113908179,0.080382352,0.227699531,0.682758621,0.541176471,GREEN_Control_ids,GREEN,0.33,0.03,0.1504,0.08,0.02,0.13,05/12/2025,Control-Sun
G14,1555,280,1335,1163,20251203_130106.jpg,4000,1800,0.22726611,0.688676512,0.562780095,0.014188397,0.107103484,0.063722086,0.227891156,0.682119205,0.57254902,GREEN_Shade_ids,GREEN,0.18,0.03,0.1072,0.0611,0.015,0.092,05/12/2025,Shade
C7,412,1430,1388,1500,20251203_130748.jpg,1800,4000,0.221606734,0.734127143,0.491576777,0.022549244,0.105440718,0.086297799,0.219887955,0.733333333,0.505882353,GREEN_Control_ids,GREEN,0.44,0.03,0.1359,0.0915,0.023,0.113,05/12/2025,Control-Sun
C8,254,1360,1298,1377,20251203_130814.jpg,1800,4000,0.22397422,0.66082324,0.555982517,0.020725079,0.088194582,0.079173524,0.223856209,0.650306748,0.568627451,GREEN_Control_ids,GREEN,0.23,0.03,0.1447,0.0786,0.02,0.125,05/12/2025,Control-Sun
R5,219,50,1698,1517,20251207_141906.jpg,2992,2992,0.137576206,0.364224779,0.241534754,0.049282863,0.124829199,0.052892495,0.141666667,0.369863014,0.243137255,RED_white_blue_led_ids,RED,0.27,0.03,0.5661,0.7224,0.181,0.386,09/12/2025,White+Blue LED
R14,54,486,1657,1508,20251207_145219.jpg,2992,2992,0.166869795,0.848728774,0.290138943,0.01922642,0.185475872,0.076878224,0.169590643,0.9375,0.290196078,RED_Shade_ids,RED,0.21,0.03,0.3723,0.6947,0.174,0.199,09/12/2025,Shade
R15,359,0,1648,1442,20251207_145303.jpg,2992,2992,0.156656548,0.821471048,0.274299683,0.02975144,0.222592171,0.07796172,0.164141414,0.944444444,0.266666667,RED_Shade_ids,RED,0.28,0.03,0.4984,0.7101,0.178,0.321,09/12/2025,Shade
G11,293,58,1772,2242,20251207_145551.jpg,2992,2992,0.194606708,0.968751605,0.419745713,0.018861641,0.088019706,0.06445308,0.189814815,1,0.423529412,GREEN_Shade_ids,GREEN,0.37,0.03,0.1574,0.4992,0.125,0.033,09/12/2025,Shade
G12,227,82,1813,1888,20251207_145825.jpg,2992,2992,0.191535451,0.974321684,0.412697002,0.0168719,0.07796911,0.07155809,0.190883191,1,0.419607843,GREEN_Shade_ids,GREEN,0.23,0.03,0.1262,0.3416,0.085,0.041,09/12/2025,Shade
G13,318,198,2118,1962,20251207_145911.jpg,2992,2992,0.194364499,0.97075287,0.44279421,0.016852465,0.079515074,0.077804723,0.190705128,1,0.447058824,GREEN_Shade_ids,GREEN,0.61,0.03,0.1371,0.4183,0.105,0.033,09/12/2025,Shade
G14,104,0,2052,2118,20251207_150011.jpg,2992,2992,0.191736476,0.96839021,0.487573692,0.014488888,0.082993145,0.069292848,0.188888889,1,0.498039216,GREEN_Shade_ids,GREEN,0.27,0.03,0.151,0.4341,0.109,0.042,09/12/2025,Shade
G15,244,338,1838,1986,20251207_150059.jpg,2992,2992,0.190778725,0.989299877,0.376915548,0.016682049,0.047422217,0.063304159,0.188888889,1,0.380392157,GREEN_Shade_ids,GREEN,0.25,0.03,0.1385,0.4195,0.105,0.034,09/12/2025,Shade
C1,549,379,1500,1508,20251207_150459.jpg,2992,2992,0.121473782,0.715877717,0.287638607,0.026821236,0.1931527,0.0906548,0.120218579,0.684210526,0.294117647,RED_Control_ids,RED,0.23,0.03,0.5577,0.6355,0.159,0.399,09/12/2025,Control-Sun
C2,62,371,2019,1797,20251207_150611.jpg,2992,2992,0.105284505,0.659417705,0.304117744,0.019665833,0.1969983,0.099428474,0.103174603,0.612903226,0.31372549,RED_Control_ids,RED,0.25,0.03,0.7991,0.662,0.166,0.634,09/12/2025,Control-Sun
C3,400,264,1838,1764,20251207_150705.jpg,2992,2992,0.117082222,0.711492988,0.248935809,0.020201656,0.204900595,0.08416594,0.119047619,0.676923077,0.250980392,RED_Control_ids,RED,0.28,0.03,0.5859,0.6995,0.175,0.411,09/12/2025,Control-Sun
C4,442,462,1640,1591,20251207_150755.jpg,2992,2992,0.097624584,0.718593463,0.223948364,0.024401069,0.203525345,0.076580329,0.09375,0.711538462,0.215686275,RED_Control_ids,RED,0.2,0.03,0.8798,0.703,0.176,0.704,09/12/2025,Control-Sun
C5,211,140,1929,1879,20251207_150851.jpg,2992,2992,0.111391827,0.656477401,0.271389223,0.030305826,0.216562877,0.089452747,0.112244898,0.613636364,0.278431373,RED_Control_ids,RED,0.21,0.03,1.0127,0.5168,0.129,0.884,09/12/2025,Control-Sun
C6,499,74,1838,1797,20251207_151126.jpg,2992,2992,0.182766112,0.973928849,0.417919318,0.016398316,0.075644958,0.078090822,0.179166667,1,0.423529412,GREEN_Control_ids,GREEN,0.18,0.03,0.1231,0.3403,0.085,0.038,09/12/2025,Control-Sun
C7,21,322,1756,1789,20251207_151213.jpg,2992,2992,0.185915263,0.949319967,0.396488385,0.018180753,0.100732686,0.083767253,0.179710145,1,0.403921569,GREEN_Control_ids,GREEN,0.28,0.03,0.1236,0.3673,0.092,0.032,09/12/2025,Control-Sun
C8,153,577,1723,1648,20251207_151303.jpg,2992,2992,0.187845006,0.962249252,0.417695925,0.017299433,0.079162972,0.086588011,0.183060109,1,0.431372549,GREEN_Control_ids,GREEN,0.31,0.03,0.1533,0.4573,0.114,0.039,09/12/2025,Control-Sun
R12,384,17,1681,1789,20251207_145032.jpg,2992,2992,0.173765462,0.881275735,0.278994206,0.022032647,0.16819626,0.087592286,0.173333333,1,0.290196078,RED_Shade_ids,RED,0.26,0.03,0.351,0.7063,0.177,0.292,09/12/2025,Shade
R4,252,190,1525,1533,20251207_141839.jpg,2992,2992,0.12741665,0.379972582,0.242446797,0.049373047,0.118703264,0.049428505,0.122222222,0.379310345,0.243137255,RED_white_blue_led_ids,RED,0.26,0.03,0.6931,0.7705,0.193,0.5,09/12/2025,White+Blue LED
R11,351,50,1599,1673,20251207_144921.jpg,2992,2992,0.173059993,0.86206236,0.26714155,0.016042504,0.172329793,0.067282505,0.173469388,0.955882353,0.266666667,RED_Shade_ids,RED,0.28,0.03,0.3036,0.5977,0.149,0.202,09/12/2025,Shade
G9,29,379,2077,1789,20251207_144545.jpg,2992,2992,0.193702718,0.944122542,0.383350357,0.021731132,0.114315446,0.079077992,0.18707483,1,0.392156863,GREEN_white_led_ids,GREEN,0.27,0.03,0.1345,0.3986,0.1,0.035,09/12/2025,White LED
R2,0,99,1538,1657,20251207_141728.jpg,2992,2992,0.132196269,0.660375288,0.182101073,0.030952104,0.269441347,0.070957154,0.133333333,0.676470588,0.180392157,RED_white_blue_led_ids,RED,0.16,0.03,0.6154,0.6725,0.168,0.447,09/12/2025,White+Blue LED
R1,186,140,1747,1418,20251207_141612.jpg,2992,2992,0.15725694,0.760332491,0.217189923,0.020062756,0.229665555,0.066141439,0.158914729,0.802816901,0.219607843,RED_white_blue_led_ids,RED,0.27,0.03,0.5207,0.7561,0.189,0.332,09/12/2025,White+Blue LED
G1,491,50,1681,1739,20251207_142441.jpg,2992,2992,0.216318796,0.837513953,0.335581478,0.024252892,0.159121955,0.080409463,0.215686275,0.867346939,0.345098039,GREEN_white_blue_led_ids,GREEN,0.72,0.03,0.1561,0.4924,0.123,0.033,09/12/2025,White+Blue LED
G2,351,387,1657,1665,20251207_142615.jpg,2992,2992,0.209066072,0.746487327,0.3539896,0.019531455,0.148869337,0.065228085,0.206790123,0.731092437,0.356862745,GREEN_white_blue_led_ids,GREEN,0.27,0.03,0.1625,0.4995,0.125,0.038,09/12/2025,White+Blue LED
G3,433,0,1484,1475,20251207_142834.jpg,2992,2992,0.208830107,0.813462536,0.365802948,0.019184952,0.151485309,0.066427219,0.207142857,0.81372549,0.368627451,GREEN_white_blue_led_ids,GREEN,0.4,0.03,0.1741,0.5582,0.14,0.035,09/12/2025,White+Blue LED
G4,46,585,1401,1385,20251207_142946.jpg,2992,2992,0.198298934,0.897807229,0.32058241,0.019679719,0.150998035,0.067241539,0.194139194,1,0.329411765,GREEN_white_blue_led_ids,GREEN,0.61,0.03,0.1773,0.5863,0.147,0.031,09/12/2025,White+Blue LED
G5,359,33,1500,1418,20251207_143054.jpg,2992,2992,0.197611647,0.741961895,0.314192093,0.018151809,0.114079921,0.061462622,0.194444444,0.746268657,0.317647059,GREEN_white_blue_led_ids,GREEN,0.6,0.03,0.1895,0.6289,0.157,0.032,09/12/2025,White+Blue LED
R6,747,256,1245,1253,20251207_143358.jpg,2992,2992,0.107525361,0.310237599,0.245148217,0.037237782,0.089893564,0.051897863,0.111111111,0.298507463,0.243137255,RED_white_led_ids,RED,0.2,0.03,0.5122,0.4783,0.12,0.393,09/12/2025,White LED
R7,409,115,1591,1566,20251207_143452.jpg,2992,2992,0.129198772,0.597271414,0.256872516,0.023902411,0.209192036,0.079821781,0.127192982,0.560606061,0.262745098,RED_white_led_ids,RED,0.25,0.03,0.5503,0.8727,0.218,0.332,09/12/2025,White LED
R8,0,0,2057,1665,20251207_143606.jpg,2992,2992,0.146630432,0.639593398,0.245096918,0.022877707,0.232078669,0.075763119,0.146464646,0.62962963,0.243137255,RED_white_led_ids,RED,0.76,0.03,0.4176,0.7953,0.199,0.219,09/12/2025,White LED
R9,219,41,1657,1599,20251207_143703.jpg,2992,2992,0.103178985,0.305320869,0.315242635,0.026339911,0.076401867,0.054299726,0.104166667,0.309090909,0.321568627,RED_white_led_ids,RED,0.27,0.03,0.4936,0.7913,0.198,0.296,09/12/2025,White LED
R10,161,272,1673,1492,20251207_143753.jpg,2992,2992,0.131680484,0.589117373,0.205429416,0.029178079,0.221596611,0.070996833,0.133333333,0.553846154,0.207843137,RED_white_led_ids,RED,0.31,0.03,0.4782,0.8527,0.213,0.265,09/12/2025,White LED
G6,104,99,1830,1962,20251207_144122.jpg,2992,2992,0.197996378,0.917375742,0.370499738,0.021630578,0.127205071,0.084712245,0.193548387,1,0.380392157,GREEN_white_led_ids,GREEN,0.37,0.03,0.1512,0.4618,0.115,0.036,09/12/2025,White LED
G7,285,140,1888,1879,20251207_144357.jpg,2992,2992,0.200957456,0.922610226,0.354466483,0.022849451,0.126765492,0.090183379,0.196491228,1,0.364705882,GREEN_white_led_ids,GREEN,0.31,0.03,0.1854,0.5649,0.141,0.044,09/12/2025,White LED
G8,392,17,2011,1871,20251207_144451.jpg,2992,2992,0.200938948,0.949665395,0.358002334,0.022300694,0.094993737,0.076604888,0.199494949,1,0.368627451,GREEN_white_led_ids,GREEN,0.74,0.03,0.1327,0.3839,0.096,0.037,09/12/2025,White LED
G10,5,214,1731,1805,20251207_144636.jpg,2992,2992,0.188758026,0.958323881,0.418902045,0.018437959,0.104157223,0.084389552,0.183080808,1,0.42745098,GREEN_white_led_ids,GREEN,0.34,0.03,0.1494,0.4207,0.105,0.044,09/12/2025,White LED
R3,425,132,1599,1484,20251207_141814.jpg,2992,2992,0.143597862,0.572865801,0.161916476,0.029998746,0.228137954,0.061578018,0.143939394,0.543859649,0.160784314,RED_white_blue_led_ids,RED,0.13,0.03,0.8439,0.4231,0.106,0.738,09/12/2025,White+Blue LED
R13,260,330,1616,1616,20251207_145122.jpg,2992,2992,0.16733334,0.843215956,0.237243388,0.018483013,0.194164863,0.075863218,0.169047619,0.946428571,0.239215686,RED_Shade_ids,RED,0.28,0.03,0.469,0.8322,0.208,0.164,09/12/2025,Shade
C10,260,585,1805,1681,20251207_151445.jpg,2992,2992,0.182655928,0.968850686,0.436743645,0.01699245,0.083310421,0.084728247,0.176870748,1,0.454901961,GREEN_Control_ids,GREEN,0.3,0.03,0.1542,0.4561,0.114,0.04,09/12/2025,Control-Sun
C9,194,58,2110,1970,20251207_151405.jpg,2992,2992,0.181057039,0.983468778,0.441987511,0.014694173,0.056237209,0.07504964,0.177871148,1,0.450980392,GREEN_Control_ids,GREEN,0.31,0.03,0.1206,0.3526,0.088,0.032,09/12/2025,Control-Sun
C9,13,0,2778,2489,20251216_123908.jpg,2992,2992,0.208682387,0.975301881,0.414335518,0.023780057,0.08813227,0.109644457,0.205782313,1,0.419607843,GREEN_Control_ids,GREEN,0.67,0.03,0.1455,0.3441,0.086,0.059,17/12/2025,Control-Sun
R15,5,0,2407,2440,20251216_122508.jpg,2992,2992,0.179381743,0.856308664,0.307970056,0.019159066,0.20587234,0.091729417,0.176638177,1,0.301960784,RED_Shade_ids,RED,0.45,0.03,0.3403,0.5243,0.131,0.209,17/12/2025,Shade
R1,46,0,2390,2160,20251216_120226.jpg,2992,2992,0.105376642,0.466338466,0.295477682,0.03060756,0.249708243,0.092357369,0.097222222,0.418604651,0.294117647,RED_white_blue_led_ids,RED,0.42,0.03,0.3447,0.4428,0.111,0.234,17/12/2025,White+Blue LED
G11,0,8,2989,2522,20251216_122733.jpg,2992,2992,0.215745544,0.967500626,0.420756027,0.037758582,0.098593171,0.124010824,0.20625,1,0.435294118,GREEN_Shade_ids,GREEN,0.88,0.03,0.1282,0.3164,0.079,0.049,17/12/2025,Shade
G12,137,17,2539,2333,20251216_122759.jpg,2992,2992,0.217332207,0.935769616,0.499155902,0.024257237,0.117624187,0.0976064,0.216101695,1,0.494117647,GREEN_Shade_ids,GREEN,0.72,0.03,0.1259,0.3516,0.088,0.038,17/12/2025,Shade
G13,392,643,2415,2349,20251216_122823.jpg,2992,2992,0.218961768,0.939651251,0.442308661,0.028471165,0.115809412,0.106909973,0.214285714,1,0.450980392,GREEN_Shade_ids,GREEN,0.76,0.03,0.1122,0.2965,0.074,0.038,17/12/2025,Shade
G14,46,338,2399,1953,20251216_122902.jpg,2992,2992,0.214376083,0.933162852,0.419460009,0.024708033,0.120739407,0.102051463,0.214015152,1,0.423529412,GREEN_Shade_ids,GREEN,0.49,0.03,0.1265,0.3537,0.088,0.038,17/12/2025,Shade
G15,46,0,2946,2514,20251216_123001.jpg,2992,2992,0.209235873,0.947377268,0.400516055,0.031747233,0.115446556,0.11332174,0.203125,1,0.419607843,GREEN_Shade_ids,GREEN,0.7,0.03,0.1363,0.3911,0.098,0.039,17/12/2025,Shade
C1,5,17,2934,2440,20251216_123311.jpg,2992,2992,0.112167413,0.604778868,0.302992657,0.029983931,0.273592102,0.107303548,0.103773585,0.573529412,0.298039216,RED_Control_ids,RED,0.38,0.03,0.4537,0.3259,0.081,0.372,17/12/2025,Control-Sun
R14,203,0,2761,2555,20251216_122439.jpg,2992,2992,0.186979247,0.800896244,0.412635136,0.018267239,0.223710517,0.092145247,0.182539683,0.892473118,0.403921569,RED_Shade_ids,RED,0.57,0.03,0.3571,0.5738,0.143,0.214,17/12/2025,Shade
C3,178,41,2283,2407,20251216_123406.jpg,2992,2992,0.103903725,0.57858058,0.296539698,0.02321131,0.234897154,0.093295725,0.098958333,0.537313433,0.294117647,RED_Control_ids,RED,0.79,0.03,0.6139,0.6157,0.154,0.46,17/12/2025,Control-Sun
C4,112,91,2432,2464,20251216_123429.jpg,2992,2992,0.099203126,0.526703466,0.30272793,0.021533609,0.223347895,0.103032277,0.095744681,0.491525424,0.301960784,RED_Control_ids,RED,0.48,0.03,0.5629,0.5422,0.136,0.427,17/12/2025,Control-Sun
C5,5,0,2530,2473,20251216_123452.jpg,2992,2992,0.107109287,0.628010095,0.306906128,0.029294892,0.278359766,0.109760177,0.100877193,0.641791045,0.294117647,RED_Control_ids,RED,0.29,0.03,0.6089,0.3531,0.088,0.521,17/12/2025,Control-Sun
C6,244,643,2530,2349,20251216_123738.jpg,2992,2992,0.215376932,0.972919834,0.406285543,0.024347045,0.080003103,0.103645349,0.211678832,1,0.4,GREEN_Control_ids,GREEN,0.66,0.03,0.1153,0.2914,0.073,0.042,17/12/2025,Control-Sun
C7,178,0,2506,2291,20251216_123819.jpg,2992,2992,0.213225577,0.94626821,0.416708074,0.034082735,0.170188608,0.132467031,0.21031746,1,0.407843137,GREEN_Control_ids,GREEN,1.75,0.03,0.1715,0.4975,0.124,0.047,17/12/2025,Control-Sun
C8,170,8,2349,2135,20251216_123845.jpg,2992,2992,0.215193779,0.948531764,0.408765729,0.024536225,0.109769221,0.111143732,0.211538462,1,0.415686275,GREEN_Control_ids,GREEN,0.9,0.03,0.1173,0.3287,0.082,0.035,17/12/2025,Control-Sun
C10,13,17,2415,2374,20251216_123941.jpg,2992,2992,0.212866813,0.957686641,0.434197306,0.024757558,0.103465723,0.107662904,0.210451977,1,0.447058824,GREEN_Control_ids,GREEN,0.5,0.03,0.1059,0.2438,0.061,0.045,17/12/2025,Control-Sun
C2,260,8,2242,2390,20251216_123338.jpg,2992,2992,0.110107167,0.583749993,0.293645466,0.026062337,0.268507851,0.10624093,0.104166667,0.524271845,0.298039216,RED_Control_ids,RED,0.42,0.03,0.7704,0.4259,0.106,0.664,17/12/2025,Control-Sun
R2,0,206,2593,2160,20251216_120250.jpg,2992,2992,0.133675664,0.541416132,0.261724305,0.034260591,0.271091615,0.091790406,0.133333333,0.511627907,0.254901961,RED_white_blue_led_ids,RED,1.2,0.03,0.4441,0.7598,0.19,0.254,17/12/2025,White+Blue LED
G10,104,74,2629,2745,20251216_122052.jpg,2992,2992,0.207169142,0.903163186,0.535895026,0.021368193,0.155385821,0.111161433,0.202777778,1,0.545098039,GREEN_white_led_ids,GREEN,1.53,0.03,0.13,0.3798,0.095,0.035,17/12/2025,White LED
R3,5,0,2201,2481,20251216_120336.jpg,2992,2992,0.124571318,0.558778165,0.288821473,0.03062855,0.289397152,0.095718024,0.120567376,0.5,0.298039216,RED_white_blue_led_ids,RED,0.38,0.03,0.5158,0.5741,0.144,0.372,17/12/2025,White+Blue LED
R4,46,0,2662,2432,20251216_120405.jpg,2992,2992,0.118956463,0.517046471,0.263776065,0.038218085,0.279852478,0.09330583,0.115942029,0.474576271,0.258823529,RED_white_blue_led_ids,RED,0.78,0.03,0.3692,0.5843,0.146,0.223,17/12/2025,White+Blue LED
R5,29,17,2291,2349,20251216_120432.jpg,2992,2992,0.151095281,0.642404554,0.268105467,0.025635873,0.286446145,0.091140696,0.14957265,0.64,0.262745098,RED_white_blue_led_ids,RED,1.6,0.03,0.4115,0.4563,0.114,0.297,17/12/2025,White+Blue LED
G1,21,25,2489,2316,20251216_120649.jpg,2992,2992,0.222775939,0.936023942,0.325249068,0.027777793,0.128694815,0.092138494,0.220779221,1,0.325490196,GREEN_white_blue_led_ids,GREEN,1.37,0.03,0.1367,0.3499,0.087,0.049,17/12/2025,White+Blue LED
G2,13,107,2374,2225,20251216_120714.jpg,2992,2992,0.219682481,0.873309485,0.355527353,0.024347036,0.158906498,0.09199791,0.220779221,0.958762887,0.360784314,GREEN_white_blue_led_ids,GREEN,1.3,0.03,0.1486,0.4449,0.111,0.037,17/12/2025,White+Blue LED
G3,5,8,2695,2341,20251216_120738.jpg,2992,2992,0.219081808,0.88827287,0.414829233,0.019957189,0.144785527,0.095189082,0.218487395,0.97,0.415686275,GREEN_white_blue_led_ids,GREEN,1.02,0.03,0.1177,0.2626,0.066,0.052,17/12/2025,White+Blue LED
G4,301,0,2258,2448,20251216_120801.jpg,2992,2992,0.215774931,0.890328829,0.411824984,0.021328802,0.161390771,0.101104537,0.215053763,1,0.415686275,GREEN_white_blue_led_ids,GREEN,1.43,0.03,0.136,0.3986,0.1,0.036,17/12/2025,White+Blue LED
G5,38,33,2201,2506,20251216_120933.jpg,2992,2992,0.216996513,0.905867262,0.389020073,0.024304612,0.151521647,0.106738468,0.215686275,1,0.384313725,GREEN_white_blue_led_ids,GREEN,1.07,0.03,0.1326,0.3809,0.095,0.037,17/12/2025,White+Blue LED
R6,112,165,2143,2003,20251216_121332.jpg,2992,2992,0.106751138,0.379814512,0.237523605,0.033937621,0.203380532,0.08505131,0.098039216,0.340425532,0.231372549,RED_white_led_ids,RED,0.77,0.03,0.3906,0.5912,0.148,0.243,17/12/2025,White LED
R7,219,25,2341,2102,20251216_121354.jpg,2992,2992,0.1170031,0.390463311,0.21968829,0.038154951,0.226704168,0.080788239,0.111111111,0.349206349,0.223529412,RED_white_led_ids,RED,0.92,0.03,0.4189,0.6681,0.167,0.252,17/12/2025,White LED
R8,0,0,2585,2605,20251216_121427.jpg,2992,2992,0.140193661,0.505721303,0.32179942,0.027053982,0.270420936,0.109237931,0.140350877,0.445945946,0.325490196,RED_white_led_ids,RED,0.82,0.03,0.4001,0.6581,0.165,0.236,17/12/2025,White LED
R9,5,25,2415,2407,20251216_121454.jpg,2992,2992,0.109031326,0.399743579,0.319610533,0.030122024,0.226169228,0.104545371,0.104166667,0.351351351,0.325490196,RED_white_led_ids,RED,0.94,0.03,0.3971,0.6621,0.166,0.232,17/12/2025,White LED
R10,269,99,1879,1896,20251216_121519.jpg,2992,2992,0.15478213,0.585156588,0.234678008,0.024296173,0.251457228,0.091145165,0.15530303,0.540983607,0.231372549,RED_white_led_ids,RED,0.53,0.03,0.3766,0.5876,0.147,0.23,17/12/2025,White LED
G6,5,0,2679,2440,20251216_121847.jpg,2992,2992,0.218678626,0.914626921,0.400204305,0.029134756,0.136406845,0.117062751,0.215053763,1,0.411764706,GREEN_white_led_ids,GREEN,1.51,0.03,0.1095,0.2889,0.072,0.037,17/12/2025,White LED
G7,0,17,2815,2605,20251216_121928.jpg,2992,2992,0.213539447,0.925640879,0.466146241,0.023585128,0.118554769,0.119007497,0.210606061,1,0.482352941,GREEN_white_led_ids,GREEN,0.98,0.03,0.1572,0.4775,0.119,0.038,17/12/2025,White LED
G8,21,0,2704,2473,20251216_121955.jpg,2992,2992,0.211080654,0.921687248,0.482223613,0.020972662,0.121228928,0.112776553,0.208708709,1,0.501960784,GREEN_white_led_ids,GREEN,1.23,0.03,0.1188,0.3512,0.088,0.031,17/12/2025,White LED
G9,38,0,2769,2580,20251216_122029.jpg,2992,2992,0.209968834,0.934331218,0.432025952,0.022139893,0.115364691,0.11269825,0.206959707,1,0.439215686,GREEN_white_led_ids,GREEN,0.93,0.03,0.1364,0.3635,0.091,0.046,17/12/2025,White LED
R12,13,58,2432,2333,20251216_122348.jpg,2992,2992,0.181758834,0.847744854,0.308308465,0.018775046,0.194799984,0.096872452,0.178294574,0.989010989,0.305882353,RED_Shade_ids,RED,0.36,0.03,0.4124,0.6571,0.164,0.248,17/12/2025,Shade
R13,318,148,2291,2423,20251216_122413.jpg,2992,2992,0.181500268,0.760723039,0.35569012,0.016975818,0.228715321,0.091102454,0.179292929,0.803278689,0.356862745,RED_Shade_ids,RED,0.31,0.03,0.3879,0.4841,0.121,0.267,17/12/2025,Shade
R11,0,0,2931,2712,20251216_122320.jpg,2992,2992,0.175702552,0.82682447,0.338760578,0.018662034,0.208734409,0.106481933,0.175,0.933333333,0.337254902,RED_Shade_ids,RED,0.52,0.03,0.4445,0.8693,0.217,0.227,17/12/2025,Shade
C9,101,157,2598,2559,20251223_132926.jpg,2992,2992,0.206257513,0.984449606,0.60401451,0.026795789,0.043083558,0.132792779,0.201550388,1,0.631372549,GREEN_Control_ids,GREEN,2.16,0.03,0.0959,0.2491,0.062,0.034,25/12/2025,Control-Sun
G7,28,0,2631,2415,20251223_130853.jpg,2992,2992,0.200917301,0.940473859,0.573360434,0.022052482,0.101419335,0.123167113,0.199047619,1,0.592156863,GREEN_white_led_ids,GREEN,1.59,0.03,0.1919,0.3444,0.086,0.106,25/12/2025,White LED
G6,146,13,2277,2447,20251223_130821.jpg,2992,2992,0.195012767,0.95704737,0.568110424,0.021768269,0.082532237,0.12595194,0.192,1,0.584313725,GREEN_white_led_ids,GREEN,1.49,0.03,0.1135,0.323,0.081,0.033,25/12/2025,White LED
R10,271,66,2237,1975,20251223_130433.jpg,2992,2992,0.177268897,0.715151466,0.400177403,0.032980659,0.212758498,0.135477202,0.175438596,0.699151018,0.407843137,RED_white_led_ids,RED,1.43,0.03,0.4154,0.6842,0.171,0.244,25/12/2025,White LED
R9,311,223,1995,2060,20251223_130405.jpg,2992,2992,0.155903099,0.706093519,0.379109918,0.038759385,0.287918372,0.162226345,0.157407407,0.764705882,0.360784314,RED_white_led_ids,RED,1.96,0.03,0.3974,0.5184,0.13,0.268,25/12/2025,White LED
R8,376,131,2211,2310,20251223_130333.jpg,2992,2992,0.177975597,0.734449736,0.419081711,0.031989889,0.276749186,0.14815564,0.17822736,0.814569536,0.407843137,RED_white_led_ids,RED,1.37,0.03,0.5488,0.7335,0.183,0.365,25/12/2025,White LED
R7,199,7,2401,2198,20251223_130300.jpg,2992,2992,0.147277049,0.732411796,0.418883855,0.030386595,0.248099975,0.152974115,0.147849462,0.742857143,0.4,RED_white_led_ids,RED,1.23,0.03,0.3513,0.7048,0.176,0.175,25/12/2025,White LED
R6,265,20,2251,2146,20251223_130236.jpg,2992,2992,0.137003956,0.691622415,0.385303298,0.03251184,0.261544661,0.127590411,0.137037037,0.683544304,0.380392157,RED_white_led_ids,RED,1.16,0.03,0.4764,0.898,0.225,0.252,25/12/2025,White LED
G8,0,0,2633,2369,20251223_130921.jpg,2992,2992,0.208735362,0.923395282,0.565885367,0.024496154,0.10859284,0.118007854,0.207434053,0.984375,0.588235294,GREEN_white_led_ids,GREEN,1.02,0.03,0.1208,0.3296,0.082,0.038,25/12/2025,White LED
G5,488,39,2113,2369,20251223_125934.jpg,2992,2992,0.214177268,0.988034367,0.523784003,0.029674151,0.043056307,0.137154106,0.210714286,1,0.521568627,GREEN_white_blue_led_ids,GREEN,1.23,0.03,0.1354,0.2089,0.052,0.083,25/12/2025,White+Blue LED
G3,356,20,2303,2356,20251223_125840.jpg,2992,2992,0.207529564,0.9611582,0.527742922,0.024412614,0.076743136,0.108819579,0.205645161,1,0.541176471,GREEN_white_blue_led_ids,GREEN,1.29,0.03,0.1441,0.3999,0.1,0.044,25/12/2025,White+Blue LED
G2,192,20,2283,2113,20251223_125816.jpg,2992,2992,0.222750013,0.961752037,0.488090769,0.030018953,0.087655147,0.124130953,0.221649485,1,0.494117647,GREEN_white_blue_led_ids,GREEN,1.44,0.03,0.1354,0.3956,0.099,0.037,25/12/2025,White+Blue LED
G1,291,79,2408,2559,20251223_125753.jpg,2992,2992,0.204766887,0.963372435,0.566253137,0.025061956,0.072714869,0.118088303,0.200980392,1,0.588235294,GREEN_white_blue_led_ids,GREEN,1.05,0.03,0.0944,0.2099,0.052,0.042,25/12/2025,White+Blue LED
R5,225,0,2434,2231,20251223_125143.jpg,2992,2992,0.180247213,0.851769785,0.423077892,0.03713867,0.229464607,0.141201991,0.18125,1,0.419607843,RED_white_blue_led_ids,RED,1,0.03,0.0444,0.0357,0.009,0.035,25/12/2025,White+Blue LED
R4,0,0,2561,2152,20251223_125119.jpg,2992,2992,0.151886733,0.586509526,0.422265824,0.03970552,0.277851199,0.132158608,0.153256705,0.516129032,0.423529412,RED_white_blue_led_ids,RED,1.48,0.03,0.7471,1.1488,0.287,0.46,25/12/2025,White+Blue LED
R3,225,0,2336,2192,20251223_125058.jpg,2992,2992,0.163049164,0.663356923,0.420824884,0.043314813,0.288811158,0.155088175,0.166666667,0.652173913,0.411764706,RED_white_blue_led_ids,RED,1.23,0.03,0.3323,0.481,0.12,0.212,25/12/2025,White+Blue LED
R2,41,13,2559,2382,20251223_125034.jpg,2992,2992,0.15911228,0.58890083,0.428937939,0.04027117,0.301959651,0.146878378,0.160377358,0.523178808,0.42745098,RED_white_blue_led_ids,RED,1.33,0.03,0.4595,0.6231,0.156,0.304,25/12/2025,White+Blue LED
G4,251,0,2080,2008,20251223_125908.jpg,2992,2992,0.215773004,0.969509561,0.488665953,0.034443372,0.077839632,0.15142283,0.207964602,1,0.509803922,GREEN_white_blue_led_ids,GREEN,1.01,0.03,0.0464,0.0395,0.01,0.037,25/12/2025,White+Blue LED
G9,179,7,2716,2198,20251223_130956.jpg,2992,2992,0.206399075,0.924204065,0.580137869,0.024584954,0.103216858,0.126933395,0.202247191,0.97810219,0.603921569,GREEN_white_led_ids,GREEN,1.54,0.03,0.1653,0.4997,0.125,0.04,25/12/2025,White LED
C10,415,407,2349,2270,20251223_132950.jpg,2992,2992,0.204599135,0.978778885,0.636845507,0.022778444,0.053106618,0.152748123,0.199047619,1,0.674509804,GREEN_Control_ids,GREEN,0.99,0.03,0.127,0.3422,0.086,0.041,25/12/2025,Control-Sun
G10,317,223,2172,2211,20251223_131024.jpg,2992,2992,0.202543094,0.955271262,0.588896142,0.022516104,0.08521401,0.121326718,0.199530516,1,0.611764706,GREEN_white_led_ids,GREEN,1.88,0.03,0.1209,0.3374,0.084,0.037,25/12/2025,White LED
C7,0,0,2738,2579,20251223_132843.jpg,2992,2992,0.207485247,0.98068354,0.621323402,0.025351075,0.055918824,0.139935741,0.202979516,1,0.650980392,GREEN_Control_ids,GREEN,1.59,0.03,0.1194,0.3364,0.084,0.035,25/12/2025,Control-Sun
C6,61,0,2723,2480,20251223_132822.jpg,2992,2992,0.207779036,0.984340541,0.605362841,0.024731387,0.041498135,0.145300478,0.203389831,1,0.635294118,GREEN_Control_ids,GREEN,2.96,0.03,0.1286,0.3738,0.093,0.035,25/12/2025,Control-Sun
C5,219,39,2237,2310,20251223_132506.jpg,2992,2992,0.137148825,0.669006349,0.395291713,0.045683519,0.298161937,0.158406661,0.128415301,0.666666667,0.380392157,RED_Control_ids,RED,1.71,0.03,0.6944,0.7016,0.175,0.519,25/12/2025,Control-Sun
C4,750,295,2237,2349,20251223_132441.jpg,2992,2992,0.112794673,0.601720979,0.396554141,0.032386944,0.225255978,0.137804097,0.109452736,0.608333333,0.380392157,RED_Control_ids,RED,1.44,0.03,0.1813,0.2252,0.056,0.125,25/12/2025,Control-Sun
C3,0,0,2745,2205,20251223_132419.jpg,2992,2992,0.126876524,0.688340538,0.399390079,0.033991727,0.253434796,0.148064418,0.12254902,0.683168317,0.388235294,RED_Control_ids,RED,1.4,0.03,0.5147,0.5375,0.134,0.38,25/12/2025,Control-Sun
C2,0,52,2856,2336,20251223_132354.jpg,2992,2992,0.137010332,0.660076077,0.397992685,0.042424929,0.29479972,0.152153904,0.130208333,0.662650602,0.384313725,RED_Control_ids,RED,1.25,0.03,0.5171,0.5872,0.147,0.37,25/12/2025,Control-Sun
C1,717,0,2100,2178,20251223_132322.jpg,2992,2992,0.113418262,0.764884132,0.344416916,0.032596242,0.244507685,0.152479354,0.105882353,0.836065574,0.321568627,RED_Control_ids,RED,1.66,0.03,0.3949,0.4867,0.122,0.273,25/12/2025,Control-Sun
G15,166,33,2572,2454,20251223_132030.jpg,2992,2992,0.194468973,0.982044244,0.489743666,0.022309494,0.044162487,0.099540961,0.192,1,0.490196078,GREEN_Shade_ids,GREEN,0.91,0.03,0.1254,0.3337,0.083,0.042,25/12/2025,Shade
G14,146,0,2329,2447,20251223_131958.jpg,2992,2992,0.201426669,0.984345502,0.575984743,0.020164657,0.051627026,0.080528186,0.199494949,1,0.580392157,GREEN_Shade_ids,GREEN,1.26,0.03,0.0389,0.0368,0.009,0.03,25/12/2025,Shade
G13,284,59,2703,2251,20251223_131927.jpg,2992,2992,0.190768076,0.992595518,0.548764576,0.019136148,0.028891904,0.082863208,0.188967136,1,0.552941176,GREEN_Shade_ids,GREEN,0.91,0.03,0.1089,0.265,0.066,0.043,25/12/2025,Shade
G12,41,0,2546,2415,20251223_131902.jpg,2992,2992,0.197802523,0.987977508,0.574693525,0.018329543,0.040489303,0.097389648,0.195707071,1,0.588235294,GREEN_Shade_ids,GREEN,1.53,0.03,0.1286,0.395,0.099,0.03,25/12/2025,Shade
G11,586,0,2369,2585,20251223_131832.jpg,2992,2992,0.19448689,0.978241752,0.612930003,0.01753949,0.052668323,0.090793276,0.192222222,1,0.623529412,GREEN_Shade_ids,GREEN,1.33,0.03,0.0513,0.0372,0.009,0.042,25/12/2025,Shade
R15,173,210,2546,2493,20251223_131509.jpg,2992,2992,0.177570181,0.871085358,0.478314955,0.027698125,0.185821315,0.13942459,0.178571429,1,0.462745098,RED_Shade_ids,RED,1.12,0.03,0.3023,0.5778,0.144,0.158,25/12/2025,Shade
R14,173,26,2808,2231,20251223_131441.jpg,2992,2992,0.190338367,0.943320261,0.458740436,0.030880802,0.121588307,0.118778371,0.181372549,1,0.447058824,RED_Shade_ids,RED,1.16,0.03,0.2694,0.5717,0.143,0.126,25/12/2025,Shade
R13,9,151,2566,2552,20251223_131418.jpg,2992,2992,0.188783872,0.923670421,0.526028208,0.024909825,0.144121329,0.11185404,0.185185185,1,0.521568627,RED_Shade_ids,RED,1.4,0.03,0.3745,0.6017,0.15,0.224,25/12/2025,Shade
R12,238,0,2493,2605,20251223_131356.jpg,2992,2992,0.182061306,0.89801794,0.503757579,0.022761461,0.162200371,0.11673418,0.178678679,1,0.498039216,RED_Shade_ids,RED,0.84,0.03,0.0671,0.0455,0.011,0.056,25/12/2025,Shade
R11,61,0,2828,2592,20251223_131335.jpg,2992,2992,0.1901161,0.888333485,0.492038183,0.027622825,0.15552533,0.098544319,0.189342404,0.980392157,0.498039216,RED_Shade_ids,RED,1.05,0.03,0.3463,0.6847,0.171,0.175,25/12/2025,Shade
C8,219,0,2303,2375,20251223_132902.jpg,2992,2992,0.20512494,0.984342221,0.589060106,0.025581941,0.04336158,0.124430984,0.200598802,1,0.615686275,GREEN_Control_ids,GREEN,1.88,0.03,0.1042,0.2548,0.064,0.041,25/12/2025,Control-Sun
R1,140,7,2421,2034,20251223_125001.jpg,2992,2992,0.155535495,0.701705711,0.362278427,0.042570136,0.284230405,0.144948351,0.159663866,0.732142857,0.349019608,RED_white_blue_led_ids,RED,1.19,0.03,0.4624,0.7665,0.192,0.271,25/12/2025,White+Blue LED
R1,524,74,2077,2201,20251225_105832.jpg,2992,2992,0.161123095,0.642822397,0.479213686,0.035081996,0.307752338,0.174249737,0.160066007,0.613861386,0.482352941,RED_white_blue_led_ids,RED,1.32,0.03,0.3447,0.4428,0.111,0.234,31/12/2025,White+Blue LED
C6,120,0,2621,2366,20251225_113803.jpg,2992,2992,0.192085603,0.980943341,0.628559462,0.021669033,0.05078348,0.105776323,0.188644689,1,0.647058824,GREEN_Control_ids,GREEN,2.12,0.03,0.1153,0.2914,0.073,0.042,31/12/2025,Control-Sun
G6,269,17,2382,2217,20251225_111852.jpg,2992,2992,0.195632331,0.98516952,0.602645379,0.019846548,0.048068491,0.119437578,0.192090395,1,0.619607843,GREEN_white_led_ids,GREEN,1.84,0.03,0.1095,0.2889,0.072,0.037,31/12/2025,White LED
R10,367,8,2481,2258,20251225_111326.jpg,2992,2992,0.168400342,0.75667701,0.476092604,0.036741168,0.261168224,0.159788679,0.169135802,0.854166667,0.482352941,RED_white_led_ids,RED,1.69,0.03,0.3766,0.5876,0.147,0.23,31/12/2025,White LED
R9,277,17,2407,2341,20251225_111259.jpg,2992,2992,0.176354489,0.815288468,0.497636875,0.03353967,0.227538313,0.162977232,0.174603175,0.985576923,0.490196078,RED_white_led_ids,RED,1.53,0.03,0.3971,0.6621,0.166,0.232,31/12/2025,White LED
R8,87,8,2448,2324,20251225_111229.jpg,2992,2992,0.17559896,0.884479681,0.505706445,0.028353935,0.179865554,0.152695153,0.177696078,1,0.494117647,RED_white_led_ids,RED,0.89,0.03,0.4001,0.6581,0.165,0.236,31/12/2025,White LED
R7,310,280,2357,2234,20251225_111152.jpg,2992,2992,0.150907992,0.732562599,0.421544922,0.035954415,0.274375612,0.147430665,0.154385965,0.798561151,0.4,RED_white_led_ids,RED,1.17,0.03,0.4189,0.6681,0.167,0.252,31/12/2025,White LED
R6,318,165,2036,2069,20251225_111124.jpg,2992,2992,0.167230997,0.791793528,0.446672893,0.028407685,0.225511472,0.134956166,0.170103093,0.883333333,0.439215686,RED_white_led_ids,RED,1.29,0.03,0.3906,0.5912,0.148,0.243,31/12/2025,White LED
G5,5,0,2316,2077,20251225_110828.jpg,2992,2992,0.186925019,0.965739566,0.603107592,0.020713009,0.068814937,0.138905963,0.182835821,1,0.607843137,GREEN_white_blue_led_ids,GREEN,0.76,0.03,0.1326,0.3809,0.095,0.037,31/12/2025,White+Blue LED
G4,71,0,2382,2432,20251225_110755.jpg,2992,2992,0.205358856,0.972107715,0.579297246,0.02559465,0.071477129,0.14785026,0.201030928,1,0.607843137,GREEN_white_blue_led_ids,GREEN,0.87,0.03,0.136,0.3986,0.1,0.036,31/12/2025,White+Blue LED
G3,301,66,2366,2324,20251225_110723.jpg,2992,2992,0.195995871,0.967045969,0.603397127,0.018102624,0.078915668,0.13518933,0.19379845,1,0.615686275,GREEN_white_blue_led_ids,GREEN,1.22,0.03,0.1177,0.2626,0.066,0.052,31/12/2025,White+Blue LED
G2,359,17,2374,2201,20251225_110643.jpg,2992,2992,0.207092658,0.983444002,0.565771845,0.027295789,0.05889673,0.167194443,0.201492537,1,0.580392157,GREEN_white_blue_led_ids,GREEN,1.33,0.03,0.1486,0.4449,0.111,0.037,31/12/2025,White+Blue LED
G1,277,0,2530,2242,20251225_110519.jpg,2992,2992,0.197967414,0.984829126,0.592739416,0.017786999,0.049633966,0.0985564,0.195833333,1,0.6,GREEN_white_blue_led_ids,GREEN,1.77,0.03,0.1367,0.3499,0.087,0.049,31/12/2025,White+Blue LED
R5,54,17,2671,2110,20251225_110051.jpg,2992,2992,0.168502847,0.854025904,0.466318438,0.029545317,0.215270188,0.153744916,0.171428571,1,0.458823529,RED_white_blue_led_ids,RED,1.61,0.03,0.4115,0.4563,0.114,0.297,31/12/2025,White+Blue LED
R4,211,0,2399,2349,20251225_110017.jpg,2992,2992,0.154803293,0.712299468,0.533819257,0.0328292,0.27074306,0.120666138,0.158878505,0.763157895,0.537254902,RED_white_blue_led_ids,RED,1.8,0.03,0.3692,0.5843,0.146,0.223,31/12/2025,White+Blue LED
R3,0,33,2494,2151,20251225_105941.jpg,2992,2992,0.156614445,0.686083437,0.504404909,0.032698014,0.291851116,0.146856917,0.15952381,0.706521739,0.498039216,RED_white_blue_led_ids,RED,2.77,0.03,0.5158,0.5741,0.144,0.372,31/12/2025,White+Blue LED
R2,244,0,2366,2225,20251225_105858.jpg,2992,2992,0.165823419,0.650475945,0.476846111,0.035012443,0.303162644,0.163682657,0.170114943,0.6328125,0.466666667,RED_white_blue_led_ids,RED,1.71,0.03,0.4441,0.7598,0.19,0.254,31/12/2025,White+Blue LED
G7,565,354,2250,2464,20251225_111920.jpg,2992,2992,0.203441921,0.9510318,0.594413338,0.021368989,0.099537199,0.140812373,0.199712644,1,0.623529412,GREEN_white_led_ids,GREEN,1.62,0.03,0.1572,0.4775,0.119,0.038,31/12/2025,White LED
C7,194,17,2563,2357,20251225_113832.jpg,2992,2992,0.192022828,0.994618183,0.598685671,0.020708305,0.025666145,0.13062144,0.185628743,1,0.62745098,GREEN_Control_ids,GREEN,1.34,0.03,0.1715,0.4975,0.124,0.047,31/12/2025,Control-Sun
G8,870,322,2110,2201,20251225_111942.jpg,2992,2992,0.205925104,0.949890007,0.555828946,0.026886274,0.10243859,0.167758692,0.20246085,1,0.564705882,GREEN_white_led_ids,GREEN,1.26,0.03,0.1188,0.3512,0.088,0.031,31/12/2025,White LED
G10,236,8,2456,2390,20251225_112036.jpg,2992,2992,0.201690559,0.972772764,0.617029971,0.020596783,0.060157427,0.0953551,0.198924731,1,0.62745098,GREEN_white_led_ids,GREEN,1.42,0.03,0.13,0.3798,0.095,0.035,31/12/2025,White LED
C5,491,8,2501,2687,20251225_113456.jpg,2992,2992,0.136994036,0.789119097,0.402625379,0.038471201,0.240041777,0.155085372,0.131111111,0.896296296,0.396078431,RED_Control_ids,RED,1.61,0.03,0.6089,0.3531,0.088,0.521,31/12/2025,Control-Sun
C4,458,66,2530,2514,20251225_113420.jpg,2992,2992,0.145818329,0.769006735,0.477312048,0.035998996,0.230929849,0.156616474,0.143274854,0.8,0.470588235,RED_Control_ids,RED,1.22,0.03,0.5629,0.5422,0.136,0.427,31/12/2025,Control-Sun
C3,236,8,2756,2415,20251225_113353.jpg,2992,2992,0.144858323,0.757264376,0.52731478,0.034371519,0.230472125,0.162613894,0.141025641,0.779069767,0.533333333,RED_Control_ids,RED,1.09,0.03,0.6139,0.6157,0.154,0.46,31/12/2025,Control-Sun
C2,0,0,2992,2555,20251225_113320.jpg,2992,2992,0.146043091,0.782610255,0.48238596,0.034757081,0.248923929,0.145173282,0.143939394,0.907801418,0.482352941,RED_Control_ids,RED,1.28,0.03,0.7704,0.4259,0.106,0.664,31/12/2025,Control-Sun
C1,161,17,2831,2704,20251225_113253.jpg,2992,2992,0.140764136,0.763587304,0.444247079,0.032991897,0.253539809,0.162126601,0.135881104,0.830508475,0.454901961,RED_Control_ids,RED,1.24,0.03,0.4537,0.3259,0.081,0.372,31/12/2025,Control-Sun
G15,392,17,2357,1879,20251225_112955.jpg,2992,2992,0.200483025,0.982933408,0.584309667,0.021547596,0.042095344,0.160345526,0.197674419,1,0.607843137,GREEN_Shade_ids,GREEN,1.15,0.03,0.1363,0.3911,0.098,0.039,31/12/2025,Shade
G14,87,379,2646,2135,20251225_112932.jpg,2992,2992,0.198769162,0.974973283,0.533038993,0.023838047,0.038704576,0.125295145,0.194117647,0.993630573,0.552941176,GREEN_Shade_ids,GREEN,0.44,0.03,0.1265,0.3537,0.088,0.038,31/12/2025,Shade
G13,458,8,2316,2481,20251225_112907.jpg,2992,2992,0.202047594,0.990794543,0.584527219,0.029545834,0.032590614,0.149179852,0.195495495,1,0.603921569,GREEN_Shade_ids,GREEN,1.44,0.03,0.1122,0.2965,0.074,0.038,31/12/2025,Shade
G12,38,17,2588,2349,20251225_112834.jpg,2992,2992,0.193381693,0.986238565,0.597916177,0.023346195,0.043200541,0.10026997,0.189223058,1,0.615686275,GREEN_Shade_ids,GREEN,1.86,0.03,0.1259,0.3516,0.088,0.038,31/12/2025,Shade
G11,524,0,2225,2448,20251225_112805.jpg,2992,2992,0.195468816,0.991628257,0.629481384,0.022439752,0.027676605,0.111798155,0.19047619,1,0.643137255,GREEN_Shade_ids,GREEN,0.93,0.03,0.1282,0.3164,0.079,0.049,31/12/2025,Shade
R15,21,25,2893,2588,20251225_112509.jpg,2992,2992,0.169144449,0.815504886,0.58887865,0.027857753,0.222367026,0.106707366,0.16954023,0.952702703,0.596078431,RED_Shade_ids,RED,1.15,0.03,0.3403,0.5243,0.131,0.209,31/12/2025,Shade
R14,0,0,2914,2473,20251225_112427.jpg,2992,2992,0.173753098,0.907478711,0.507994334,0.028748575,0.16567765,0.137581065,0.173371648,1,0.498039216,RED_Shade_ids,RED,1.04,0.03,0.3571,0.5738,0.143,0.214,31/12/2025,Shade
R13,194,74,2563,2530,20251225_112347.jpg,2992,2992,0.181311016,0.946758162,0.5531143,0.020471187,0.109124912,0.133333571,0.180652681,1,0.556862745,RED_Shade_ids,RED,1.04,0.03,0.3879,0.4841,0.121,0.236,31/12/2025,Shade
R12,0,25,2585,2522,20251225_112325.jpg,2992,2992,0.189645201,0.900539008,0.569246317,0.027428203,0.152174179,0.088223579,0.184027778,0.993333333,0.576470588,RED_Shade_ids,RED,0.85,0.03,0.4124,0.6571,0.164,0.224,31/12/2025,Shade
R11,62,17,2778,2506,20251225_112257.jpg,2992,2992,0.18105812,0.873283757,0.536832831,0.027112345,0.182143818,0.133858941,0.177595628,1,0.529411765,RED_Shade_ids,RED,1.37,0.03,0.4445,0.8693,0.217,0.195,31/12/2025,Shade
G9,508,17,2481,2530,20251225_112007.jpg,2992,2992,0.203650551,0.974054249,0.608678201,0.021734827,0.078004821,0.117058676,0.202312139,1,0.631372549,GREEN_white_led_ids,GREEN,0.89,0.03,0.1364,0.3635,0.091,0.046,31/12/2025,White LED
C8,170,17,2704,2399,20251225_113901.jpg,2992,2992,0.196590554,0.993596601,0.604126958,0.022368293,0.02291585,0.144035627,0.19140625,1,0.643137255,GREEN_Control_ids,GREEN,1.67,0.03,0.1173,0.3287,0.082,0.035,31/12/2025,Control-Sun
C10,13,0,2979,2547,20251225_113955.jpg,2992,2992,0.196160232,0.994437272,0.620590643,0.020748702,0.02407462,0.107038525,0.193939394,1,0.635294118,GREEN_Control_ids,GREEN,1.2,0.03,0.1059,0.2438,0.061,0.045,31/12/2025,Control-Sun
C9,137,17,2448,2390,20251225_113924.jpg,2992,2992,0.203573472,0.993459181,0.620069615,0.022252212,0.026655515,0.098943294,0.20251938,1,0.635294118,GREEN_Control_ids,GREEN,1.52,0.03,0.1455,0.3441,0.086,0.059,31/12/2025,Control-Sun
